<ImportExportXml xmlns:xsi="http://www.w3.org/2001/XMLSchema-instance">
  <Entities></Entities>
  <Roles></Roles>
  <Workflows></Workflows>
  <FieldSecurityProfiles></FieldSecurityProfiles>
  <Templates />
  <EntityMaps />
  <EntityRelationships />
  <OrganizationSettings />
  <optionsets />
  <WebResources>
    <WebResource>
      <WebResourceId>{04abe7ca-8998-e611-80dc-c4346bac2ebc}</WebResourceId>
      <Name>dyn_ico_16_attach.gif</Name>
      <DisplayName>ico_16_attach.gif</DisplayName>
      <LanguageCode>1033</LanguageCode>
      <WebResourceType>7</WebResourceType>
      <IntroducedVersion>1.0.0.0</IntroducedVersion>
      <IsEnabledForMobileClient>0</IsEnabledForMobileClient>
      <IsAvailableForMobileOffline>0</IsAvailableForMobileOffline>
      <IsCustomizable>1</IsCustomizable>
      <CanBeDeleted>1</CanBeDeleted>
      <IsHidden>0</IsHidden>
      <FileName>/WebResources/dyn_ico_16_attachgif04ABE7CA-8998-E611-80DC-C4346BAC2EBC</FileName>
    </WebResource>
    <WebResource>
      <WebResourceId>{85e37c44-1b99-e611-80dc-c4346bac2ebc}</WebResourceId>
      <Name>dyn_jquery.js</Name>
      <DisplayName>jquery.js</DisplayName>
      <LanguageCode>1033</LanguageCode>
      <WebResourceType>3</WebResourceType>
      <IntroducedVersion>1.0.0.0</IntroducedVersion>
      <IsEnabledForMobileClient>0</IsEnabledForMobileClient>
      <IsAvailableForMobileOffline>0</IsAvailableForMobileOffline>
      <IsCustomizable>1</IsCustomizable>
      <CanBeDeleted>1</CanBeDeleted>
      <IsHidden>0</IsHidden>
      <FileName>/WebResources/dyn_jqueryjs85E37C44-1B99-E611-80DC-C4346BAC2EBC</FileName>
    </WebResource>
    <WebResource>
      <WebResourceId>{b0f6e854-6697-e611-80dc-c4346baccc44}</WebResourceId>
      <Name>dyn_DnDFileUploadArea.htm</Name>
      <DisplayName>DnDFileUploadArea.htm</DisplayName>
      <LanguageCode>1033</LanguageCode>
      <WebResourceType>1</WebResourceType>
      <IntroducedVersion>1.0.0.0</IntroducedVersion>
      <IsEnabledForMobileClient>0</IsEnabledForMobileClient>
      <IsAvailableForMobileOffline>0</IsAvailableForMobileOffline>
      <IsCustomizable>1</IsCustomizable>
      <CanBeDeleted>1</CanBeDeleted>
      <IsHidden>0</IsHidden>
      <FileName>/WebResources/dyn_DnDFileUploadAreahtmB0F6E854-6697-E611-80DC-C4346BACCC44</FileName>
    </WebResource>
    <WebResource>
      <WebResourceId>{e8b482f5-6697-e611-80dc-c4346baccc44}</WebResourceId>
      <Name>dyn_DnDServices.js</Name>
      <DisplayName>DnDServices.js</DisplayName>
      <LanguageCode>1033</LanguageCode>
      <WebResourceType>3</WebResourceType>
      <IntroducedVersion>1.0.0.0</IntroducedVersion>
      <IsEnabledForMobileClient>0</IsEnabledForMobileClient>
      <IsAvailableForMobileOffline>0</IsAvailableForMobileOffline>
      <IsCustomizable>1</IsCustomizable>
      <CanBeDeleted>1</CanBeDeleted>
      <IsHidden>0</IsHidden>
      <FileName>/WebResources/dyn_DnDServicesjsE8B482F5-6697-E611-80DC-C4346BACCC44</FileName>
    </WebResource>
    <WebResource>
      <WebResourceId>{2715a81a-6797-e611-80dc-c4346baccc44}</WebResourceId>
      <Name>dyn_DnDStyle.css</Name>
      <DisplayName>DnDStyle.css</DisplayName>
      <LanguageCode>1033</LanguageCode>
      <WebResourceType>2</WebResourceType>
      <IntroducedVersion>1.0.0.0</IntroducedVersion>
      <IsEnabledForMobileClient>0</IsEnabledForMobileClient>
      <IsAvailableForMobileOffline>0</IsAvailableForMobileOffline>
      <IsCustomizable>1</IsCustomizable>
      <CanBeDeleted>1</CanBeDeleted>
      <IsHidden>0</IsHidden>
      <FileName>/WebResources/dyn_DnDStylecss2715A81A-6797-E611-80DC-C4346BACCC44</FileName>
    </WebResource>
  </WebResources>
  <CustomControls />
  <EntityDataProviders />
  <Languages>
    <Language>1033</Language>
  </Languages>
</ImportExportXml>