<ImportExportXml version="9.0.2.2646" SolutionPackageVersion="9.0" languagecode="1033" generatedBy="CrmLive" xmlns:xsi="http://www.w3.org/2001/XMLSchema-instance">
  <SolutionManifest>
    <UniqueName>DnDFileUpload</UniqueName>
    <LocalizedNames>
      <LocalizedName description="Drag &amp; Drop File Upload" languagecode="1033" />
    </LocalizedNames>
    <Descriptions>
      <Description description="This solution's purpose is to enable adding drag &amp; drop file upload functionality to business entities forms and Dashboards for Microsoft Dynamics CRM 2016. &#xA;&#xA;Using the Solution:&#xA;&#xA;1. Download, import and publish the Drag &amp; Drop File Upload solution &#xA;2. Add a Web Resource control to any business entity form &#xA;3. In the Web Resource form, make sure the “Pass record object-type code…” option is checked &#xA;4. Set the Web Resource format to span over 13 rows at least &#xA;5. Map the Web Resource control to the dyn_DnDFileUploadArea.htm Web Resource &#xA;6. Save &amp; publish" languagecode="1033" />
    </Descriptions>
    <Version>1.0.0.1</Version>
    <Managed>0</Managed>
    <ConfigurationPage>dyn_DnDFileUploadArea.htm</ConfigurationPage>
    <Publisher>
      <UniqueName>dynamize</UniqueName>
      <LocalizedNames>
        <LocalizedName description="Dynamize" languagecode="1033" />
      </LocalizedNames>
      <Descriptions>
        <Description description="My name is Yaniv Arditi. &#xA;I expert in Microsoft Dynamics CRM.&#xA;I work with Microsoft Dynamics CRM products for 10 years now and have deep understanding of all product aspects including application, customization and custom code development. &#xA;Today, I provide hands-on architectural design services to several enterprise level implementations, ranging from version upgrade via performance improvement to build from scratch.  &#xA;I author Microsoft Dynamics CRM courses and lecture official Microsoft courses as well.   &#xA;I am a Microsoft Dynamics CRM MVP since 2013.&#xA;&#xA;https://mvp.microsoft.com/en-us/PublicProfile/5000374" languagecode="1033" />
      </Descriptions>
      <EMailAddress>arditi1@gmail.com</EMailAddress>
      <SupportingWebsiteUrl>https://yanivrdt.wordpress.com/</SupportingWebsiteUrl>
      <CustomizationPrefix>dyn</CustomizationPrefix>
      <CustomizationOptionValuePrefix>22149</CustomizationOptionValuePrefix>
      <Addresses>
        <Address>
          <AddressNumber>1</AddressNumber>
          <AddressTypeCode>1</AddressTypeCode>
          <City xsi:nil="true"></City>
          <County xsi:nil="true"></County>
          <Country xsi:nil="true"></Country>
          <Fax xsi:nil="true"></Fax>
          <FreightTermsCode xsi:nil="true"></FreightTermsCode>
          <ImportSequenceNumber xsi:nil="true"></ImportSequenceNumber>
          <Latitude xsi:nil="true"></Latitude>
          <Line1 xsi:nil="true"></Line1>
          <Line2 xsi:nil="true"></Line2>
          <Line3 xsi:nil="true"></Line3>
          <Longitude xsi:nil="true"></Longitude>
          <Name xsi:nil="true"></Name>
          <PostalCode xsi:nil="true"></PostalCode>
          <PostOfficeBox xsi:nil="true"></PostOfficeBox>
          <PrimaryContactName xsi:nil="true"></PrimaryContactName>
          <ShippingMethodCode>1</ShippingMethodCode>
          <StateOrProvince xsi:nil="true"></StateOrProvince>
          <Telephone1 xsi:nil="true"></Telephone1>
          <Telephone2 xsi:nil="true"></Telephone2>
          <Telephone3 xsi:nil="true"></Telephone3>
          <TimeZoneRuleVersionNumber xsi:nil="true"></TimeZoneRuleVersionNumber>
          <UPSZone xsi:nil="true"></UPSZone>
          <UTCOffset xsi:nil="true"></UTCOffset>
          <UTCConversionTimeZoneCode xsi:nil="true"></UTCConversionTimeZoneCode>
        </Address>
        <Address>
          <AddressNumber>2</AddressNumber>
          <AddressTypeCode>1</AddressTypeCode>
          <City xsi:nil="true"></City>
          <County xsi:nil="true"></County>
          <Country xsi:nil="true"></Country>
          <Fax xsi:nil="true"></Fax>
          <FreightTermsCode xsi:nil="true"></FreightTermsCode>
          <ImportSequenceNumber xsi:nil="true"></ImportSequenceNumber>
          <Latitude xsi:nil="true"></Latitude>
          <Line1 xsi:nil="true"></Line1>
          <Line2 xsi:nil="true"></Line2>
          <Line3 xsi:nil="true"></Line3>
          <Longitude xsi:nil="true"></Longitude>
          <Name xsi:nil="true"></Name>
          <PostalCode xsi:nil="true"></PostalCode>
          <PostOfficeBox xsi:nil="true"></PostOfficeBox>
          <PrimaryContactName xsi:nil="true"></PrimaryContactName>
          <ShippingMethodCode>1</ShippingMethodCode>
          <StateOrProvince xsi:nil="true"></StateOrProvince>
          <Telephone1 xsi:nil="true"></Telephone1>
          <Telephone2 xsi:nil="true"></Telephone2>
          <Telephone3 xsi:nil="true"></Telephone3>
          <TimeZoneRuleVersionNumber xsi:nil="true"></TimeZoneRuleVersionNumber>
          <UPSZone xsi:nil="true"></UPSZone>
          <UTCOffset xsi:nil="true"></UTCOffset>
          <UTCConversionTimeZoneCode xsi:nil="true"></UTCConversionTimeZoneCode>
        </Address>
      </Addresses>
    </Publisher>
    <RootComponents>
      <RootComponent type="61" schemaName="dyn_DnDFileUploadArea.htm" behavior="0" />
      <RootComponent type="61" schemaName="dyn_DnDServices.js" behavior="0" />
      <RootComponent type="61" schemaName="dyn_DnDStyle.css" behavior="0" />
      <RootComponent type="61" schemaName="dyn_ico_16_attach.gif" behavior="0" />
      <RootComponent type="61" schemaName="dyn_jquery.js" behavior="0" />
    </RootComponents>
    <MissingDependencies />
  </SolutionManifest>
</ImportExportXml>